id,first_name,last_name,role,active,department_id
1,Pearl,Collough,caregiver,true,4
2,Wrennie,Mabbs,caregiver,true,1
3,Lorant,Lynock,caregiver,true,1
4,Renado,Comber,coordinator,true,1
5,Dinah,Trittam,caregiver,true,1
6,Yolanda,Seamen,caregiver,true,4
7,Ginnifer,Ruby,caregiver,true,2
8,Batsheva,Farn,caregiver,true,2
9,Wilfrid,Shillito,caregiver,true,4
10,Jessi,Fairnington,coordinator,true,4
11,Cherice,Boyne,caregiver,true,3
12,Dede,Curtois,coordinator,true,1
13,Garnet,Dakhno,caregiver,true,4
14,Gallard,Dorking,caregiver,true,3
15,Jacquelin,Iorio,caregiver,true,2
16,Elsie,Fealty,caregiver,true,4
17,Vivyan,Stachini,caregiver,true,1
18,Nani,Bisco,caregiver,true,2
19,Trisha,Dominey,caregiver,true,2
20,Virgina,Patillo,caregiver,true,2
21,Dody,Bernaert,caregiver,true,3
22,Jens,Ferbrache,caregiver,true,2
23,Freddie,Belward,caregiver,true,3
24,Inga,Leavold,caregiver,true,1
